alpha,t,C_mean,S_mean
0.0,0,0.48560000000000003,4.7100349999999995
0.0,1,0.3152,4.233734585591797
0.0,2,0.1636,3.746905837114986
0.0,3,0.0728,3.2878716700115773
0.0,4,0.0344,2.8761035904371424
0.0,5,0.0176,2.517532524302732
0.0,6,0.0088,2.2042210108373466
0.0,7,0.0032,1.9432597450429157
0.0,8,0.002,1.8577726337357694
0.0,9,0.0016,1.7957372453890492
0.0,10,0.0004,1.7416116924534841
0.0,11,0.0,1.6929601632274298
0.0,12,0.0,1.6455860504970423
0.0,13,0.0,1.6007349142083749
0.0,14,0.0,1.5572507284539407
0.0,15,0.0,1.5158079487201124
0.0,16,0.0,1.4760054971267258
0.0,17,0.0,1.4375409718720962
0.0,18,0.0,1.4008101002688351
0.0,19,0.0,1.3654553352657737
0.0,20,0.0,1.3312089610362263
0.0,21,0.0,1.2982253227945983
0.0,22,0.0,1.2666555003628446
0.0,23,0.0,1.2359953154239331
0.0,24,0.0,1.2070361554416285
0.0,25,0.0,1.1786441974291488
0.0,26,0.0,1.1514274197290357
0.0,27,0.0,1.1253103202391195
0.0,28,0.0,1.0996672813943944
0.0,29,0.0,1.0748461331345178
0.0,30,0.0,1.05100175755762
0.0,31,0.0,1.0275675236174595
0.0,32,0.0,1.0052134331331757
0.0,33,0.0,0.9841820740082368
0.0,34,0.0,0.9631350446319666
0.0,35,0.0,0.9427177854955106
0.0,36,0.0,0.9226016193274461
0.0,37,0.0,0.9030789908368105
0.0,38,0.0,0.884428349989266
0.0,39,0.0,0.8664397599618274
0.0,40,0.0,0.8488153846565422
0.0,41,0.0,0.831829869563482
0.0,42,0.0,0.815035346611226
0.0,43,0.0,0.7988252588561947
0.0,44,0.0,0.783048576520726
0.0,45,0.0,0.7677052742437328
0.0,46,0.0,0.7526414328120395
0.0,47,0.0,0.7379694831669628
0.0,48,0.0,0.723806769779982
0.0,49,0.0,0.7097638960407899
0.0,50,0.0,0.6965610934787518
0.0,51,0.0,0.6833245683692175
0.0,52,0.0,0.67041969642056
0.0,53,0.0,0.6580570218156885
0.0,54,0.0,0.6458926365868543
0.0,55,0.0,0.6338065129571686
0.0,56,0.0,0.6222251951704255
0.0,57,0.0,0.610922415555099
0.0,58,0.0,0.5996795655196065
0.0,59,0.0,0.5888020283988628
0.0,60,0.0,0.5781832349592717
0.0,61,0.0,0.5679992823893137
0.0,62,0.0,0.5577619471138755
0.0,63,0.0,0.5477596508925893
0.0,64,0.0,0.537985205054026
0.0,65,0.0,0.5284317077534336
0.0,66,0.0,0.5191811316433256
0.0,67,0.0,0.51541821398397
0.0,68,0.0,0.5067344981835923
0.0,69,0.0,0.4990729151900106
0.0,70,0.0,0.5076272984858344
0.0,71,0.0,0.5009839224946135
0.0,72,0.0,0.5007392448377409
0.0,73,0.0,0.5047674642826823
0.0,74,0.0,0.4995732032431674
0.0,75,0.0,0.509093487220669
0.0,76,0.0,0.5024885154333905
0.0,77,0.0,0.5011212949491053
0.0,78,0.0,0.5067461551738175
0.0,79,0.0,0.500819779902646
0.0,80,0.0,0.5008350262517006
0.0,81,0.0,0.5042067133698639
0.0,82,0.0,0.49913366012825267
0.0,83,0.0,0.5084766979524382
0.0,84,0.0,0.5019454552071007
0.0,85,0.0,0.5005500671042805
0.0,86,0.0,0.5061941258851212
0.0,87,0.0,0.5002418901594247
0.0,88,0.0,0.5061752406897675
0.0,89,0.0,0.5038440489708701
0.0,90,0.0,0.49904753025370496
0.0,91,0.0,0.5080046502758608
0.0,92,0.0,0.5015397109120241
0.0,93,0.0,0.5002376095925961
0.0,94,0.0,0.5056048172338863
0.0,95,0.0,0.5001335690006176
0.0,96,0.0,0.5057778592917006
0.0,97,0.0,0.5029416787713213
0.0,98,0.0,0.4986158607637619
0.0,99,0.0,0.5076983312423574
0.0,100,0.0,0.5012126531872321
0.0,101,0.0,0.501241665725137
0.0,102,0.0,0.5050813304554095
0.0,103,0.0,0.4999822851945624
0.0,104,0.0,0.507772358131229
0.0,105,0.0,0.5027068267323672
0.0,106,0.0,0.4984882020337018
0.0,107,0.0,0.5067731703555609
0.0,108,0.0,0.5011592779153907
0.0,109,0.0,0.5007955229558694
0.0,110,0.0,0.5045412949173271
0.0,111,0.0,0.5000015563558375
0.0,112,0.0,0.5079482080612745
0.0,113,0.0,0.502297685815943
0.0,114,0.0,0.4982613106181069
0.0,115,0.0,0.506652484505959
0.0,116,0.0,0.5009527226755578
0.0,117,0.0,0.5003074556525969
0.0,118,0.0,0.5040525688222316
0.0,119,0.0,0.4996963718383216
0.0,120,0.0,0.5082902913842434
0.0,121,0.0,0.5018981382786407
0.0,122,0.0,0.5011512833006921
0.0,123,0.0,0.5060376743988833
0.0,124,0.0,0.5007138196144434
0.0,125,0.0,0.5054229852333944
0.0,126,0.0,0.5036100190628402
0.0,127,0.0,0.4998324161878294
0.0,128,0.0,0.5076852819465381
0.0,129,0.0,0.5014897099786422
0.0,130,0.0,0.5009543707891411
0.0,131,0.0,0.5056491003286827
0.0,132,0.0,0.5005290773505446
0.0,133,0.0,0.5055770965255529
0.0,134,0.0,0.5031207053228033
0.0,135,0.0,0.4993805826577764
0.0,136,0.0,0.5072277595633716
0.0,137,0.0,0.5011443241183337
0.0,138,0.0,0.5011211352430833
0.0,139,0.0,0.5052377969350534
0.0,140,0.0,0.5000391472282516
0.0,141,0.0,0.5075307802599779
0.0,142,0.0,0.5029457902737586
0.0,143,0.0,0.4989906475047079
0.0,144,0.0,0.5068864381561694
0.0,145,0.0,0.5013708423320477
0.0,146,0.0,0.5009103854602996
0.0,147,0.0,0.5050565136787738
0.0,148,0.0,0.49997794890794567
0.0,149,0.0,0.507459923869986
0.0,150,0.0,0.5027474191789403
0.0,151,0.0,0.49889168643043363
0.0,152,0.0,0.5064551357187849
0.0,153,0.0,0.5010817280010939
0.0,154,0.0,0.5008006689814511
0.0,155,0.0,0.5045281024462815
0.0,156,0.0,0.4998098531159034
0.0,157,0.0,0.5082618507160507
0.0,158,0.0,0.5025221190615446
0.0,159,0.0,0.5011137942977623
0.0,160,0.0,0.5059982037527841
0.0,161,0.0,0.5007595938718048
0.0,162,0.0,0.5011840612745587
0.0,163,0.0,0.5039915736083904
0.0,164,0.0,0.5004788693020559
0.0,165,0.0,0.5075650930289171
0.0,166,0.0,0.502031833786017
0.0,167,0.0,0.5006083321942634
0.0,168,0.0,0.5055922522999695
0.0,169,0.0,0.5005512654398906
0.0,170,0.0,0.5055377638710263
0.0,171,0.0,0.5038979763431268
0.0,172,0.0,0.49993829727755407
0.0,173,0.0,0.5071132046820935
0.0,174,0.0,0.5018610335288795
0.0,175,0.0,0.5005511571903809
0.0,176,0.0,0.5051878944845
0.0,177,0.0,0.500192209251093
0.0,178,0.0,0.5052284556003905
0.0,179,0.0,0.5036012854316828
0.0,180,0.0,0.49999330815332804
0.0,181,0.0,0.5065871674523238
0.0,182,0.0,0.5012560137074125
0.0,183,0.0,0.5013868183353938
0.0,184,0.0,0.5052559812183963
0.0,185,0.0,0.4999628204831428
0.0,186,0.0,0.5067935598460577
0.0,187,0.0,0.5033014855900274
0.0,188,0.0,0.4994370072652147
0.0,189,0.0,0.5059361530043603
0.0,190,0.0,0.5014756182196292
0.0,191,0.0,0.500939120536355
0.0,192,0.0,0.5049007252333488
0.0,193,0.0,0.49998885604124543
0.0,194,0.0,0.5070923164582948
0.0,195,0.0,0.5027699625350759
0.0,196,0.0,0.49891355933762355
0.0,197,0.0,0.5060923713068726
0.0,198,0.0,0.5009615170974321
0.0,199,0.0,0.5008752586472222
0.0,200,0.0,0.5044596193781097
0.0,201,0.0,0.499825900924755
0.0,202,0.0,0.5072014328581333
0.0,203,0.0,0.5023436507057718
0.0,204,0.0,0.5005611157603717
0.0,205,0.0,0.5055204253218031
0.0,206,0.0,0.5007619131646498
0.0,207,0.0,0.5050845164094926
0.0,208,0.0,0.5038734367804198
0.0,209,0.0,0.5001821666814581
0.0,210,0.0,0.50689310066316
0.0,211,0.0,0.5022201815476711
0.0,212,0.0,0.5008128487990529
0.0,213,0.0,0.5052364981884996
0.0,214,0.0,0.5005802874967318
0.0,215,0.0,0.5049803369616265
0.0,216,0.0,0.5033773462670305
0.0,217,0.0,0.4997961673123285
0.0,218,0.0,0.5064825034276218
0.0,219,0.0,0.5020973896456361
0.0,220,0.0,0.5011594784761839
0.0,221,0.0,0.5049319940020549
0.0,222,0.0,0.500280760122846
0.0,223,0.0,0.5067577740668016
0.0,224,0.0,0.5033910150783784
0.0,225,0.0,0.499709035260016
0.0,226,0.0,0.505949786242879
0.0,227,0.0,0.5019270827552246
0.0,228,0.0,0.5013545571563756
0.0,229,0.0,0.5051036198435471
0.0,230,0.0,0.5005315240539039
0.0,231,0.0,0.5070071796825346
0.0,232,0.0,0.5029677335706029
0.0,233,0.0,0.49911453562471636
0.0,234,0.0,0.50536116347492
0.0,235,0.0,0.5016581465346868
0.0,236,0.0,0.5013036571595891
0.0,237,0.0,0.5045173536628202
0.0,238,0.0,0.5001689550447018
0.0,239,0.0,0.5071724504047679
0.0,240,0.0,0.5024821491939503
0.0,241,0.0,0.5010792601813182
0.0,242,0.0,0.5056166796365712
0.0,243,0.0,0.5011445756772811
0.0,244,0.0,0.5018021985832586
0.0,245,0.0,0.5043464002264747
0.0,246,0.0,0.5003775076248725
0.0,247,0.0,0.5065294275068406
0.0,248,0.0,0.5022426955416696
0.0,249,0.0,0.5009053873136271
0.0,250,0.0,0.5050734064371466
0.0,251,0.0,0.5009866791174692
0.0,252,0.0,0.5051955806845397
0.0,253,0.0,0.5038034605056319
0.0,254,0.0,0.5001226848170043
0.0,255,0.0,0.5060475749835429
0.0,256,0.0,0.502322732988118
0.0,257,0.0,0.5010961234542671
0.0,258,0.0,0.5047715287740041
0.0,259,0.0,0.5003905839919147
0.0,260,0.0,0.5047511580722498
0.0,261,0.0,0.5034568653597497
0.0,262,0.0,0.5001552843910766
0.0,263,0.0,0.5054713256676105
0.0,264,0.0,0.5022038181836911
0.0,265,0.0,0.5019326780129313
0.0,266,0.0,0.5048417198319028
0.0,267,0.0,0.5003079183547547
0.0,268,0.0,0.5060897746174181
0.0,269,0.0,0.5032650313935612
0.0,270,0.0,0.5000509972769853
0.0,271,0.0,0.5052288044186497
0.0,272,0.0,0.5021992356426321
0.0,273,0.0,0.501722619052914
0.0,274,0.0,0.5046701191800124
0.0,275,0.0,0.5004339997580073
0.0,276,0.0,0.5063417080026297
0.0,277,0.0,0.5027275255526718
0.0,278,0.0,0.49973746227142546
0.0,279,0.0,0.5057176881367456
0.0,280,0.0,0.5011655187076213
0.0,281,0.0,0.5016692491633392
0.0,282,0.0,0.5043835623654422
0.0,283,0.0,0.5003200910981935
0.0,284,0.0,0.5067153478637597
0.0,285,0.0,0.5023101367560165
0.0,286,0.0,0.5015119908675331
0.0,287,0.0,0.5051891313541332
0.0,288,0.0,0.5009861048004602
0.0,289,0.0,0.5045605494653482
0.0,290,0.0,0.5039751691251109
0.0,291,0.0,0.5004047889900134
0.0,292,0.0,0.50609562608018
0.0,293,0.0,0.5025052711454481
0.0,294,0.0,0.5016478932867827
0.0,295,0.0,0.5051270285885977
0.0,296,0.0,0.5006672360272365
0.0,297,0.0,0.5048258707673486
0.0,298,0.0,0.5037918132406481
0.0,299,0.0,0.5006540142762502
0.0,300,0.0,0.505812488144727
0.0,301,0.0,0.5020662498503627
0.0,302,0.0,0.5014960593933652
0.0,303,0.0,0.5046066903120275
0.0,304,0.0,0.5008330709341977
0.0,305,0.0,0.5060524040262234
0.0,306,0.0,0.5032563474226106
0.0,307,0.0,0.5005295591813043
0.0,308,0.0,0.5054356896458089
0.0,309,0.0,0.5016992919175444
0.0,310,0.0,0.5018061961453751
0.0,311,0.0,0.5046625439632009
0.0,312,0.0,0.5006206065630684
0.0,313,0.0,0.5062594841240652
0.0,314,0.0,0.503062284521381
0.0,315,0.0,0.49985991052073936
0.0,316,0.0,0.5051688686272765
0.0,317,0.0,0.5016762602907658
0.0,318,0.0,0.5019513476572158
0.0,319,0.0,0.5044514529686359
0.0,320,0.0,0.5002794872835089
0.0,321,0.0,0.506925372814645
0.0,322,0.0,0.50262462257916
0.0,323,0.0,0.5011231334917463
0.0,324,0.0,0.5051933197460617
0.0,325,0.0,0.5012775677222685
0.0,326,0.0,0.5022412025971699
0.0,327,0.0,0.5040811462116146
0.0,328,0.0,0.5008580671466244
0.0,329,0.0,0.5062382822963792
0.0,330,0.0,0.5023504872880672
0.0,331,0.0,0.5010579808829403
0.0,332,0.0,0.5049675265972816
0.0,333,0.0,0.501182165722903
0.0,334,0.0,0.5047214188941923
0.0,335,0.0,0.5038278469089221
0.0,336,0.0,0.5007232732264646
0.0,337,0.0,0.5060439595417431
0.0,338,0.0,0.5022904961831283
0.0,339,0.0,0.5014234546985776
0.0,340,0.0,0.5046528928085904
0.0,341,0.0,0.5010509391097497
0.0,342,0.0,0.504579581045019
0.0,343,0.0,0.5035627198924589
0.0,344,0.0,0.5006377373148498
0.0,345,0.0,0.5054009939144599
0.0,346,0.0,0.5021510745268349
0.0,347,0.0,0.5018387067816394
0.0,348,0.0,0.5047096871429297
0.0,349,0.0,0.5011846206947733
0.0,350,0.0,0.5055775125489135
0.0,351,0.0,0.5034334479622818
0.0,352,0.0,0.5002549566765014
0.0,353,0.0,0.5047972760257258
0.0,354,0.0,0.5022198344717967
0.0,355,0.0,0.5016673768550608
0.0,356,0.0,0.5046306599983429
0.0,357,0.0,0.5011087308371743
0.0,358,0.0,0.5063297484864423
0.0,359,0.0,0.5030406804921185
0.0,360,0.0,0.4999195604964997
0.0,361,0.0,0.5050327047095216
0.0,362,0.0,0.5019771155360351
0.0,363,0.0,0.5015947681931386
0.0,364,0.0,0.504064863842186
0.3,0,0.4932,4.702355
0.3,1,0.3416,4.232855109330547
0.3,2,0.2944,3.8214360476958644
0.3,3,0.20199999999999999,3.468678700966361
0.3,4,0.1504,3.1561287143356247
0.3,5,0.14120000000000002,2.8675599623706556
0.3,6,0.132,2.6257224381460857
0.3,7,0.11,2.4032194880941797
0.3,8,0.0968,2.241541896991107
0.3,9,0.0816,2.09666649140914
0.3,10,0.06480000000000001,1.980273250327919
0.3,11,0.062,1.8829588677969256
0.3,12,0.0548,1.8071287585166493
0.3,13,0.048799999999999996,1.7583504614580607
0.3,14,0.0412,1.7218382700446646
0.3,15,0.027200000000000002,1.6886741310592848
0.3,16,0.0212,1.65787118881074
0.3,17,0.0184,1.6278100715914905
0.3,18,0.0132,1.599694962720344
0.3,19,0.012,1.5708108894191652
0.3,20,0.0128,1.5439711955599325
0.3,21,0.0116,1.517880853351889
0.3,22,0.012,1.492116453906656
0.3,23,0.0128,1.4692673329611714
0.3,24,0.0108,1.4474683573191383
0.3,25,0.011200000000000002,1.424128246682581
0.3,26,0.0124,1.4033522782767383
0.3,27,0.0124,1.3831543078253516
0.3,28,0.0108,1.3632796453852365
0.3,29,0.0128,1.3449536821561288
0.3,30,0.0092,1.3265348196633457
0.3,31,0.0072,1.309139809299269
0.3,32,0.0084,1.2915585019948708
0.3,33,0.0064,1.2745027207147217
0.3,34,0.0,1.2565775620528372
0.3,35,0.0,1.2406776825751096
0.3,36,0.0,1.224610608410106
0.3,37,0.0,1.2085434273193632
0.3,38,0.0,1.1931675176282839
0.3,39,0.0,1.1779741461928177
0.3,40,0.0,1.163598598573394
0.3,41,0.0,1.1494508132277002
0.3,42,0.0,1.1354916050767394
0.3,43,0.0,1.1213141752788394
0.3,44,0.0,1.1081900431666591
0.3,45,0.0,1.0956267779356041
0.3,46,0.0,1.083338510465409
0.3,47,0.0,1.071096825585049
0.3,48,0.0,1.058595179951321
0.3,49,0.0,1.0468343906419861
0.3,50,0.0,1.0352833121995624
0.3,51,0.0,1.0242679401129668
0.3,52,0.0,1.0131737635247153
0.3,53,0.0,1.0024681551261585
0.3,54,0.0,0.9918543869512161
0.3,55,0.0,0.9819503671452852
0.3,56,0.0,0.9723628020492032
0.3,57,0.0,0.9633567348156243
0.3,58,0.0,0.9532869411391022
0.3,59,0.0,0.9441461074610309
0.3,60,0.0,0.9347779252147836
0.3,61,0.0,0.9255551151634259
0.3,62,0.0,0.916527354172277
0.3,63,0.0,0.908137448997403
0.3,64,0.0,0.8996179993587012
0.3,65,0.0,0.8912298311238825
0.3,66,0.0,0.8830666370988761
0.3,67,0.0,0.8753345139554503
0.3,68,0.0,0.8676033892586372
0.3,69,0.0,0.8600352876538411
0.3,70,0.0,0.8527751641998147
0.3,71,0.0,0.8457834972758049
0.3,72,0.0,0.8396094373513544
0.3,73,0.0,0.8331932491602848
0.3,74,0.0,0.8272667151743893
0.3,75,0.0,0.8221334425138374
0.3,76,0.0,0.8176387422585026
0.3,77,0.0,0.813367945496872
0.3,78,0.0,0.8084253621680323
0.3,79,0.0,0.8041700756259162
0.3,80,0.0,0.801056753123499
0.3,81,0.0,0.7977640824822985
0.3,82,0.0,0.7944049271703411
0.3,83,0.0,0.7918584406717792
0.3,84,0.0,0.788671012995793
0.3,85,0.0,0.7859187719416687
0.3,86,0.0,0.7837518957840982
0.3,87,0.0,0.7805639151232816
0.3,88,0.0,0.7776488704780458
0.3,89,0.0,0.775670785483128
0.3,90,0.0,0.7725481719946581
0.3,91,0.0,0.7706880175317802
0.3,92,0.0,0.767878247212279
0.3,93,0.0,0.7649701988763076
0.3,94,0.0,0.7633399293852381
0.3,95,0.0,0.7607116285703082
0.3,96,0.0,0.7584705277871384
0.3,97,0.0,0.7569617665729531
0.3,98,0.0,0.7541547841609559
0.3,99,0.0,0.7525556037836963
0.3,100,0.0,0.7505572615522763
0.3,101,0.0,0.7485838350802926
0.3,102,0.0,0.7467218360838129
0.3,103,0.0,0.7456609998858882
0.3,104,0.0,0.744160214574614
0.3,105,0.0,0.7433864924848232
0.3,106,0.0,0.7415755972164803
0.3,107,0.0,0.7411634742376552
0.3,108,0.0,0.7397182476725823
0.3,109,0.0,0.7388678193487168
0.3,110,0.0,0.7371956108982016
0.3,111,0.0,0.7363604898740336
0.3,112,0.0,0.7351768765782769
0.3,113,0.0,0.7342464435860524
0.3,114,0.0,0.7326328305201422
0.3,115,0.0,0.7321249378403566
0.3,116,0.0,0.7306841792810403
0.3,117,0.0,0.7302457042064477
0.3,118,0.0,0.7291614322571925
0.3,119,0.0,0.7281263610976195
0.3,120,0.0,0.7274296151410081
0.3,121,0.0,0.7268896131876547
0.3,122,0.0,0.7256916145170283
0.3,123,0.0,0.724858257882644
0.3,124,0.0,0.7240114356848975
0.3,125,0.0,0.7235747888390803
0.3,126,0.0,0.7230479053172558
0.3,127,0.0,0.7215727848986664
0.3,128,0.0,0.7208772046685098
0.3,129,0.0,0.7199967060409829
0.3,130,0.0,0.7187589224544285
0.3,131,0.0,0.7182884133756049
0.3,132,0.0,0.7176323002023227
0.3,133,0.0,0.7169616005635611
0.3,134,0.0,0.7168363455142994
0.3,135,0.0,0.7149317059940953
0.3,136,0.0,0.7148756182909733
0.3,137,0.0,0.7147462064058173
0.3,138,0.0,0.7131351859480864
0.3,139,0.0,0.7121718565427461
0.3,140,0.0,0.7115799517731842
0.3,141,0.0,0.7108267592058573
0.3,142,0.0,0.710426911644511
0.3,143,0.0,0.7094262887893656
0.3,144,0.0,0.7093344455466333
0.3,145,0.0,0.7085585050605339
0.3,146,0.0,0.7074086988571842
0.3,147,0.0,0.7068434971247336
0.3,148,0.0,0.7060179282347231
0.3,149,0.0,0.7057850210905844
0.3,150,0.0,0.705190448554045
0.3,151,0.0,0.7039063584802199
0.3,152,0.0,0.7042872731778604
0.3,153,0.0,0.7033323332561899
0.3,154,0.0,0.7029283448851471
0.3,155,0.0,0.7020883351773005
0.3,156,0.0,0.700767744541875
0.3,157,0.0,0.701062879558219
0.3,158,0.0,0.6998419452072051
0.3,159,0.0,0.6985737717797703
0.3,160,0.0,0.6993025617484488
0.3,161,0.0,0.6975379874742933
0.3,162,0.0,0.6975121558775895
0.3,163,0.0,0.696792945229649
0.3,164,0.0,0.6955575002160386
0.3,165,0.0,0.6955095474630666
0.3,166,0.0,0.6945041783048984
0.3,167,0.0,0.6939444076065606
0.3,168,0.0,0.6940660142753293
0.3,169,0.0,0.6929528558577079
0.3,170,0.0,0.6918917897378464
0.3,171,0.0,0.6912770977530478
0.3,172,0.0,0.6902730160059742
0.3,173,0.0,0.690519495205043
0.3,174,0.0,0.6896945536783217
0.3,175,0.0,0.689430021701142
0.3,176,0.0,0.6892434605096354
0.3,177,0.0,0.6880644490524156
0.3,178,0.0,0.6876038190618295
0.3,179,0.0,0.6868742253882005
0.3,180,0.0,0.6859969930098306
0.3,181,0.0,0.6867333784619823
0.3,182,0.0,0.6848330171975714
0.3,183,0.0,0.6847589331979538
0.3,184,0.0,0.684559887798002
0.3,185,0.0,0.6836619356937544
0.3,186,0.0,0.6831755065899182
0.3,187,0.0,0.6822261940616702
0.3,188,0.0,0.6820855464997355
0.3,189,0.0,0.6825535750644753
0.3,190,0.0,0.6808159429715039
0.3,191,0.0,0.6800874174070936
0.3,192,0.0,0.6803832609674781
0.3,193,0.0,0.6788848389468554
0.3,194,0.0,0.6790782134436165
0.3,195,0.0,0.6783078631960706
0.3,196,0.0,0.6771395567886093
0.3,197,0.0,0.6776653338844143
0.3,198,0.0,0.6768799007315249
0.3,199,0.0,0.6764253955852868
0.3,200,0.0,0.6771374862117169
0.3,201,0.0,0.6756105802782472
0.3,202,0.0,0.6761448887290209
0.3,203,0.0,0.6748993465069631
0.3,204,0.0,0.6740750537706671
0.3,205,0.0,0.6745252438942684
0.3,206,0.0,0.6735275054693589
0.3,207,0.0,0.672835034700091
0.3,208,0.0,0.6731858784786258
0.3,209,0.0,0.6714779148803942
0.3,210,0.0,0.672054779581873
0.3,211,0.0,0.6708312179075736
0.3,212,0.0,0.6702030791589196
0.3,213,0.0,0.6702067443997484
0.3,214,0.0,0.6693771055039838
0.3,215,0.0,0.668584397265532
0.3,216,0.0,0.668759389319849
0.3,217,0.0,0.6674668332146034
0.3,218,0.0,0.668192809017309
0.3,219,0.0,0.6674860614941213
0.3,220,0.0,0.6669673807745352
0.3,221,0.0,0.6672890072088982
0.3,222,0.0,0.6663914146717853
0.3,223,0.0,0.6656819764029176
0.3,224,0.0,0.6652849096644967
0.3,225,0.0,0.6645348297116803
0.3,226,0.0,0.664541918636587
0.3,227,0.0,0.6641427061428345
0.3,228,0.0,0.663990411477376
0.3,229,0.0,0.6644991849441055
0.3,230,0.0,0.6636043412332898
0.3,231,0.0,0.6633593079495377
0.3,232,0.0,0.6627505269197153
0.3,233,0.0,0.6627913842266602
0.3,234,0.0,0.6624368270701406
0.3,235,0.0,0.6620027251034
0.3,236,0.0,0.6620725847465547
0.3,237,0.0,0.66179850106455
0.3,238,0.0,0.6610894056161912
0.3,239,0.0,0.6614603343432109
0.3,240,0.0,0.6608763859040505
0.3,241,0.0,0.6600879288332903
0.3,242,0.0,0.659994554133408
0.3,243,0.0,0.6594042409397141
0.3,244,0.0,0.659578531614787
0.3,245,0.0,0.6594636880708292
0.3,246,0.0,0.658601144548642
0.3,247,0.0,0.6585519760526288
0.3,248,0.0,0.6584235807754861
0.3,249,0.0,0.6579475222665893
0.3,250,0.0,0.6573696357484654
0.3,251,0.0,0.6571774236292133
0.3,252,0.0,0.6570593745325671
0.3,253,0.0,0.6567816410064262
0.3,254,0.0,0.6563302679473201
0.3,255,0.0,0.6565779517407183
0.3,256,0.0,0.6563453335679698
0.3,257,0.0,0.6562126293950767
0.3,258,0.0,0.6556343374624083
0.3,259,0.0,0.65484574379078
0.3,260,0.0,0.6552478280036534
0.3,261,0.0,0.6551111386317919
0.3,262,0.0,0.6544717309881632
0.3,263,0.0,0.6542768690169115
0.3,264,0.0,0.6539026156636066
0.3,265,0.0,0.6534094055251636
0.3,266,0.0,0.6534962102300321
0.3,267,0.0,0.65334319552643
0.3,268,0.0,0.6524809937936208
0.3,269,0.0,0.6522168682586644
0.3,270,0.0,0.6522331601523145
0.3,271,0.0,0.6520961531793819
0.3,272,0.0,0.6522368470001534
0.3,273,0.0,0.6518474782187289
0.3,274,0.0,0.6509451813901836
0.3,275,0.0,0.6505040339237195
0.3,276,0.0,0.6503869579188318
0.3,277,0.0,0.6493886311773044
0.3,278,0.0,0.6493228742968689
0.3,279,0.0,0.6489119395531104
0.3,280,0.0,0.6486006677323943
0.3,281,0.0,0.6482810036537802
0.3,282,0.0,0.6484674568574721
0.3,283,0.0,0.6476376182370057
0.3,284,0.0,0.6479819038649084
0.3,285,0.0,0.6475396042677144
0.3,286,0.0,0.6476310524836125
0.3,287,0.0,0.646888179697451
0.3,288,0.0,0.6470851443685786
0.3,289,0.0,0.6460646141394293
0.3,290,0.0,0.6456444364201971
0.3,291,0.0,0.6444346460647904
0.3,292,0.0,0.6446136167513139
0.3,293,0.0,0.644237219189738
0.3,294,0.0,0.6444742359623054
0.3,295,0.0,0.6441046412990968
0.3,296,0.0,0.6437797459087159
0.3,297,0.0,0.6439085487651556
0.3,298,0.0,0.6437268406634626
0.3,299,0.0,0.6441624231912432
0.3,300,0.0,0.6436532623227447
0.3,301,0.0,0.6425372968896884
0.3,302,0.0,0.6425249769126471
0.3,303,0.0,0.6421404105158157
0.3,304,0.0,0.6416428075001201
0.3,305,0.0,0.6413333599255389
0.3,306,0.0,0.6410310113669081
0.3,307,0.0,0.6410525156347966
0.3,308,0.0,0.6403586985802974
0.3,309,0.0,0.6405619063585059
0.3,310,0.0,0.6397346928695113
0.3,311,0.0,0.6399330020500842
0.3,312,0.0,0.6400691829435436
0.3,313,0.0,0.6390115297843567
0.3,314,0.0,0.6398938691920688
0.3,315,0.0,0.6390024979556174
0.3,316,0.0,0.6392646591091082
0.3,317,0.0,0.6390109810178122
0.3,318,0.0,0.6381514649108041
0.3,319,0.0,0.638297248470093
0.3,320,0.0,0.6384115240429964
0.3,321,0.0,0.6374200814431059
0.3,322,0.0,0.6387320778922938
0.3,323,0.0,0.6377310429001944
0.3,324,0.0,0.6375917224554863
0.3,325,0.0,0.6380207183108647
0.3,326,0.0,0.6367163039155185
0.3,327,0.0,0.6373463899772919
0.3,328,0.0,0.6379490146016401
0.3,329,0.0,0.6366834380394222
0.3,330,0.0,0.6375544609815179
0.3,331,0.0,0.6373649440758316
0.3,332,0.0,0.6377741448837928
0.3,333,0.0,0.6381199353500691
0.3,334,0.0,0.637311385548545
0.3,335,0.0,0.6372170031706381
0.3,336,0.0,0.6379811057980637
0.3,337,0.0,0.637247101908239
0.3,338,0.0,0.6374090277530591
0.3,339,0.0,0.6372765030650553
0.3,340,0.0,0.6371116114430747
0.3,341,0.0,0.6371749271007321
0.3,342,0.0,0.6369639313400307
0.3,343,0.0,0.6376943192520735
0.3,344,0.0,0.6375942230403321
0.3,345,0.0,0.6372870973447596
0.3,346,0.0,0.6377186502365668
0.3,347,0.0,0.6375600575686188
0.3,348,0.0,0.6372331729357653
0.3,349,0.0,0.6379102213003445
0.3,350,0.0,0.6370120208639786
0.3,351,0.0,0.6377631457234388
0.3,352,0.0,0.6374902754165119
0.3,353,0.0,0.6375010553208316
0.3,354,0.0,0.6375584693174998
0.3,355,0.0,0.6371242321752717
0.3,356,0.0,0.6372827650819446
0.3,357,0.0,0.6375842687251172
0.3,358,0.0,0.637203789574391
0.3,359,0.0,0.6376954151454629
0.3,360,0.0,0.6372027088871036
0.3,361,0.0,0.6372439025964026
0.3,362,0.0,0.6376578727455965
0.3,363,0.0,0.6365683542809542
0.3,364,0.0,0.6373212018424286
0.7,0,0.48200000000000004,4.688915
0.7,1,0.4164,4.1968386097796095
0.7,2,0.46799999999999997,3.884717380914586
0.7,3,0.4232,3.610838474311568
0.7,4,0.39039999999999997,3.336806499272227
0.7,5,0.40480000000000005,3.118340113642033
0.7,6,0.3724,2.9236931954431444
0.7,7,0.3176,2.713959695885079
0.7,8,0.3176,2.5397361581728397
0.7,9,0.3108,2.381800553193576
0.7,10,0.2792,2.2248071264956852
0.7,11,0.2752,2.0965736517383604
0.7,12,0.266,1.9936767105897024
0.7,13,0.2652,1.9060660744534028
0.7,14,0.2656,1.8578591006846727
0.7,15,0.2616,1.8385057580194129
0.7,16,0.2576,1.8264740819848675
0.7,17,0.1804,1.816096494839851
0.7,18,0.17920000000000003,1.8002898362356103
0.7,19,0.15839999999999999,1.7871574960640977
0.7,20,0.1536,1.7741238440539184
0.7,21,0.1416,1.762462999420717
0.7,22,0.09960000000000001,1.7508315323630816
0.7,23,0.09359999999999999,1.7385686733506462
0.7,24,0.0716,1.7233030885817984
0.7,25,0.0584,1.7103070308566073
0.7,26,0.0544,1.694081668786878
0.7,27,0.048,1.6804759133222023
0.7,28,0.046,1.6653826343738516
0.7,29,0.046,1.6524001371344008
0.7,30,0.046,1.6370387338320902
0.7,31,0.04,1.6245823510946378
0.7,32,0.039599999999999996,1.6111176678294297
0.7,33,0.0372,1.5993375284327507
0.7,34,0.0372,1.5877767826145208
0.7,35,0.0372,1.575001291409805
0.7,36,0.0368,1.5624938700380826
0.7,37,0.0372,1.550336856655413
0.7,38,0.0372,1.5381450848368703
0.7,39,0.0372,1.5257904865917526
0.7,40,0.0372,1.5143563250989107
0.7,41,0.036399999999999995,1.5030962343954757
0.7,42,0.0372,1.4920598708627189
0.7,43,0.0372,1.4825059889146703
0.7,44,0.032400000000000005,1.4716726968966842
0.7,45,0.0336,1.462187184320773
0.7,46,0.0368,1.452821415910031
0.7,47,0.0364,1.4438109051513692
0.7,48,0.0308,1.4342665875623541
0.7,49,0.034,1.4256790016310803
0.7,50,0.03,1.4168562229899622
0.7,51,0.0304,1.407230221674092
0.7,52,0.024399999999999998,1.3995994365744695
0.7,53,0.024399999999999998,1.3901527568281136
0.7,54,0.024000000000000004,1.3817150630668351
0.7,55,0.024399999999999998,1.373351282080822
0.7,56,0.024399999999999998,1.36558067129153
0.7,57,0.024399999999999998,1.3563749839292556
0.7,58,0.024399999999999998,1.3479108184868704
0.7,59,0.024399999999999998,1.3398238789158898
0.7,60,0.024399999999999998,1.3314615045754048
0.7,61,0.024399999999999998,1.3240834289705024
0.7,62,0.024399999999999998,1.315546012418748
0.7,63,0.024399999999999998,1.3074063787876335
0.7,64,0.024399999999999998,1.2997776640389431
0.7,65,0.024399999999999998,1.292747013033478
0.7,66,0.024399999999999998,1.285481970226908
0.7,67,0.024399999999999998,1.2785146378968533
0.7,68,0.024399999999999998,1.2721809115055809
0.7,69,0.024399999999999998,1.265133299839906
0.7,70,0.024399999999999998,1.2598016310616027
0.7,71,0.024399999999999998,1.2539090734596163
0.7,72,0.024399999999999998,1.2478479872572235
0.7,73,0.024399999999999998,1.2428392959982262
0.7,74,0.024399999999999998,1.2367578537616326
0.7,75,0.024,1.2308476280497054
0.7,76,0.024399999999999998,1.2259921302687713
0.7,77,0.024399999999999998,1.2204430912744297
0.7,78,0.024,1.214172857077073
0.7,79,0.024399999999999998,1.208933063482894
0.7,80,0.024399999999999998,1.2036616673054872
0.7,81,0.024399999999999998,1.1982069803772366
0.7,82,0.024399999999999998,1.1932812494948422
0.7,83,0.024000000000000004,1.1881029745553675
0.7,84,0.024399999999999998,1.1823215739222652
0.7,85,0.024399999999999998,1.1783387336690463
0.7,86,0.024399999999999998,1.172603557267372
0.7,87,0.024399999999999998,1.167601634006875
0.7,88,0.024399999999999998,1.162778897955157
0.7,89,0.024399999999999998,1.1586850281188332
0.7,90,0.024399999999999998,1.1535221434734961
0.7,91,0.024399999999999998,1.149518185781882
0.7,92,0.024399999999999998,1.1444110117489923
0.7,93,0.024399999999999998,1.139255552648808
0.7,94,0.024399999999999998,1.13484154757373
0.7,95,0.024399999999999998,1.1308341277702485
0.7,96,0.024399999999999998,1.1259578725839439
0.7,97,0.024399999999999998,1.1217460641933534
0.7,98,0.024399999999999998,1.1169285750723008
0.7,99,0.024399999999999998,1.1121902958256236
0.7,100,0.024399999999999998,1.1083233830271046
0.7,101,0.024399999999999998,1.1041782231330497
0.7,102,0.024399999999999998,1.0998999800679574
0.7,103,0.024399999999999998,1.096454720394255
0.7,104,0.024399999999999998,1.0920593340034008
0.7,105,0.024399999999999998,1.0888969988261175
0.7,106,0.024399999999999998,1.0847208373541448
0.7,107,0.024399999999999998,1.081429127299407
0.7,108,0.024399999999999998,1.077320927531112
0.7,109,0.024399999999999998,1.074633120220965
0.7,110,0.024399999999999998,1.0711458279852573
0.7,111,0.024399999999999998,1.0673598248256766
0.7,112,0.024399999999999998,1.0645535589930766
0.7,113,0.024,1.061305863118526
0.7,114,0.024399999999999998,1.0575463150929403
0.7,115,0.024399999999999998,1.05481271420451
0.7,116,0.024399999999999998,1.0508967635863298
0.7,117,0.024399999999999998,1.0475822407917845
0.7,118,0.024399999999999998,1.0447230650430483
0.7,119,0.024399999999999998,1.0414332574350484
0.7,120,0.024399999999999998,1.0379207423762098
0.7,121,0.024399999999999998,1.0353047752068802
0.7,122,0.024399999999999998,1.0316692570941033
0.7,123,0.024399999999999998,1.0281751401690848
0.7,124,0.024399999999999998,1.0253364406064311
0.7,125,0.024399999999999998,1.022047034038416
0.7,126,0.024399999999999998,1.019018466426152
0.7,127,0.024399999999999998,1.0164587529779914
0.7,128,0.024399999999999998,1.0134188541567983
0.7,129,0.024399999999999998,1.010144699671312
0.7,130,0.024399999999999998,1.0074566805047507
0.7,131,0.024399999999999998,1.0048196751531642
0.7,132,0.024399999999999998,1.0018453198393567
0.7,133,0.024399999999999998,0.9998652202154797
0.7,134,0.024399999999999998,0.9967612736437104
0.7,135,0.024399999999999998,0.9937433918864785
0.7,136,0.024399999999999998,0.9917833796779136
0.7,137,0.024399999999999998,0.9891089515672111
0.7,138,0.024399999999999998,0.9853066437350252
0.7,139,0.024399999999999998,0.9832594150451865
0.7,140,0.024399999999999998,0.9801839958941777
0.7,141,0.024399999999999998,0.9778909129639414
0.7,142,0.024399999999999998,0.9759712502859031
0.7,143,0.024399999999999998,0.9734153933545645
0.7,144,0.024399999999999998,0.9702840937311444
0.7,145,0.024399999999999998,0.9689980393490971
0.7,146,0.024399999999999998,0.9663834914208463
0.7,147,0.024000000000000004,0.9645461306260643
0.7,148,0.024399999999999998,0.9631181344126593
0.7,149,0.024399999999999998,0.961109151368096
0.7,150,0.024399999999999998,0.9587768292891897
0.7,151,0.024399999999999998,0.9571569633430635
0.7,152,0.024399999999999998,0.954621013983915
0.7,153,0.024399999999999998,0.9521623757850669
0.7,154,0.024399999999999998,0.9503080195256534
0.7,155,0.024399999999999998,0.9479967358300196
0.7,156,0.024399999999999998,0.9454785070732791
0.7,157,0.024399999999999998,0.9437591481853161
0.7,158,0.024399999999999998,0.9413829685405485
0.7,159,0.024399999999999998,0.9393511396788564
0.7,160,0.024399999999999998,0.9376473481613913
0.7,161,0.024399999999999998,0.9353458215540162
0.7,162,0.024000000000000004,0.9330662431080505
0.7,163,0.024399999999999998,0.9313653980102842
0.7,164,0.024399999999999998,0.929538357103718
0.7,165,0.024399999999999998,0.9280368931817828
0.7,166,0.024399999999999998,0.9265369245967565
0.7,167,0.024399999999999998,0.9250553200507916
0.7,168,0.023600000000000003,0.9229278163070826
0.7,169,0.024399999999999998,0.9215141947653782
0.7,170,0.024399999999999998,0.9194717471210648
0.7,171,0.024399999999999998,0.9174362586241136
0.7,172,0.024399999999999998,0.9162840422732624
0.7,173,0.024399999999999998,0.9144498865318282
0.7,174,0.024399999999999998,0.9132166916532845
0.7,175,0.024399999999999998,0.9116883819196062
0.7,176,0.024399999999999998,0.9100046346993862
0.7,177,0.024399999999999998,0.9076487240087254
0.7,178,0.024399999999999998,0.9067220953637267
0.7,179,0.024399999999999998,0.9045533348182515
0.7,180,0.024399999999999998,0.90294773171881
0.7,181,0.024399999999999998,0.9017042339788796
0.7,182,0.024399999999999998,0.9000982622973399
0.7,183,0.024399999999999998,0.8980004668121155
0.7,184,0.024399999999999998,0.8971254018446788
0.7,185,0.024399999999999998,0.8950804788721822
0.7,186,0.024399999999999998,0.894344801643576
0.7,187,0.024399999999999998,0.8929480777049918
0.7,188,0.024399999999999998,0.8919481618178273
0.7,189,0.024399999999999998,0.8902444786603643
0.7,190,0.024399999999999998,0.8893511441277455
0.7,191,0.024399999999999998,0.8886069407489846
0.7,192,0.024399999999999998,0.8875816732747264
0.7,193,0.024399999999999998,0.8866649558629084
0.7,194,0.024399999999999998,0.8851732307711674
0.7,195,0.024399999999999998,0.8831489767183642
0.7,196,0.024399999999999998,0.8821505029785804
0.7,197,0.024399999999999998,0.8806321080955893
0.7,198,0.024399999999999998,0.8794189545517369
0.7,199,0.024399999999999998,0.8790193356154549
0.7,200,0.024399999999999998,0.8775127339095452
0.7,201,0.024399999999999998,0.8761668764180883
0.7,202,0.024399999999999998,0.875788564602884
0.7,203,0.0232,0.8742223417525516
0.7,204,0.024399999999999998,0.8734070374842331
0.7,205,0.024399999999999998,0.8729002938367789
0.7,206,0.024399999999999998,0.8713584490752778
0.7,207,0.024399999999999998,0.8699546349683074
0.7,208,0.024399999999999998,0.8695315032434986
0.7,209,0.024399999999999998,0.8678177378320393
0.7,210,0.024399999999999998,0.8666739535550121
0.7,211,0.024399999999999998,0.8660969048884095
0.7,212,0.024399999999999998,0.865247916062646
0.7,213,0.024399999999999998,0.8637173721123312
0.7,214,0.024399999999999998,0.8634479065791942
0.7,215,0.024399999999999998,0.8624771521880858
0.7,216,0.023200000000000002,0.861692425968829
0.7,217,0.024399999999999998,0.8608665214654699
0.7,218,0.024399999999999998,0.8595291732463864
0.7,219,0.024399999999999998,0.8583650778160348
0.7,220,0.024399999999999998,0.8579782813973372
0.7,221,0.024399999999999998,0.8570199326325154
0.7,222,0.024000000000000004,0.8558109419832236
0.7,223,0.024399999999999998,0.855788748665878
0.7,224,0.024399999999999998,0.8546612656418806
0.7,225,0.024399999999999998,0.8534651371403236
0.7,226,0.024399999999999998,0.8531781528886815
0.7,227,0.024399999999999998,0.8524215089202
0.7,228,0.024399999999999998,0.8510388318597488
0.7,229,0.024399999999999998,0.8505053569216934
0.7,230,0.024399999999999998,0.8497819329597606
0.7,231,0.024399999999999998,0.8488702405957337
0.7,232,0.024399999999999998,0.8487987896082565
0.7,233,0.024399999999999998,0.8480270464717029
0.7,234,0.024399999999999998,0.8472643119477934
0.7,235,0.024399999999999998,0.8460678666728575
0.7,236,0.024399999999999998,0.8451998827439355
0.7,237,0.024399999999999998,0.8438734469369581
0.7,238,0.024399999999999998,0.8436336252605827
0.7,239,0.024,0.84258941646977
0.7,240,0.024399999999999998,0.8416733016812878
0.7,241,0.024399999999999998,0.8413687460573195
0.7,242,0.024399999999999998,0.8403351684378286
0.7,243,0.024399999999999998,0.8394677251917885
0.7,244,0.024399999999999998,0.8392493080503296
0.7,245,0.024399999999999998,0.838871510499245
0.7,246,0.024399999999999998,0.8382787993593014
0.7,247,0.0192,0.8378941949223234
0.7,248,0.018,0.836915180709563
0.7,249,0.0212,0.8365239758633817
0.7,250,0.024399999999999998,0.8356931543057207
0.7,251,0.024399999999999998,0.835446337503852
0.7,252,0.0184,0.8345744104961015
0.7,253,0.0172,0.8345109340264562
0.7,254,0.0184,0.833775096829533
0.7,255,0.015600000000000001,0.8328888607556393
0.7,256,0.0116,0.832123892907719
0.7,257,0.0116,0.8316025516598533
0.7,258,0.011200000000000002,0.8307919498905814
0.7,259,0.0116,0.829739295391882
0.7,260,0.0116,0.8292952116895517
0.7,261,0.0116,0.8282940185066735
0.7,262,0.0116,0.8273945149701877
0.7,263,0.0116,0.8268151264411686
0.7,264,0.0116,0.8263230299176806
0.7,265,0.0116,0.8255393944288005
0.7,266,0.0116,0.8251224057162267
0.7,267,0.0116,0.8246406688027986
0.7,268,0.0116,0.8246446903451239
0.7,269,0.0116,0.8240150277928379
0.7,270,0.0116,0.8235244807978823
0.7,271,0.0116,0.8228816207448143
0.7,272,0.0116,0.8219132958196116
0.7,273,0.0116,0.8209553755061887
0.7,274,0.0116,0.8207476345191946
0.7,275,0.0116,0.8197945114831885
0.7,276,0.0116,0.8188051190357423
0.7,277,0.0116,0.8183865603387601
0.7,278,0.0116,0.8175096877926998
0.7,279,0.0116,0.8168377177424354
0.7,280,0.0116,0.8164863048755849
0.7,281,0.0116,0.8156015441221501
0.7,282,0.0116,0.8145369540780462
0.7,283,0.0116,0.8143266292017161
0.7,284,0.0116,0.813001659846063
0.7,285,0.0116,0.8128833510879406
0.7,286,0.0116,0.8122589602504471
0.7,287,0.011200000000000002,0.8118949797975392
0.7,288,0.0116,0.8111502968875054
0.7,289,0.0116,0.8113575585422178
0.7,290,0.0116,0.8102420102638768
0.7,291,0.0116,0.8102673493304492
0.7,292,0.0116,0.8091092595485069
0.7,293,0.0116,0.8089681690723418
0.7,294,0.0116,0.8081766808643173
0.7,295,0.0116,0.8081862124931096
0.7,296,0.0116,0.8072146744415418
0.7,297,0.0116,0.8067541824767552
0.7,298,0.0116,0.806277759802994
0.7,299,0.011200000000000002,0.8063265475250297
0.7,300,0.0116,0.805311018311653
0.7,301,0.0116,0.8055034726166607
0.7,302,0.0116,0.8051139015101301
0.7,303,0.0116,0.8046737793524952
0.7,304,0.0116,0.8041367520490189
0.7,305,0.011200000000000002,0.8038336958379659
0.7,306,0.0116,0.8029623105111887
0.7,307,0.0116,0.8031026003866643
0.7,308,0.0116,0.8024917097844105
0.7,309,0.0116,0.8020772854639407
0.7,310,0.0116,0.8015150905085808
0.7,311,0.0116,0.8007212950910977
0.7,312,0.0116,0.7999073705623345
0.7,313,0.0116,0.7996779558803269
0.7,314,0.0116,0.7988950302139792
0.7,315,0.0116,0.7988960780411941
0.7,316,0.0116,0.7985016842827649
0.7,317,0.0116,0.7986530917877175
0.7,318,0.0116,0.7976192981611538
0.7,319,0.0116,0.7971741534862978
0.7,320,0.0116,0.7968919781335936
0.7,321,0.0116,0.7971475214859026
0.7,322,0.0116,0.7967220192431022
0.7,323,0.0116,0.7970896875930635
0.7,324,0.0116,0.7961876202128887
0.7,325,0.0116,0.7957811247631298
0.7,326,0.0116,0.7952517707142639
0.7,327,0.0116,0.7947451334675294
0.7,328,0.0116,0.7949773904185236
0.7,329,0.0116,0.79449969002199
0.7,330,0.0116,0.7938621445309408
0.7,331,0.0116,0.7938525457900222
0.7,332,0.0116,0.7936327849671467
0.7,333,0.0116,0.7931299267524564
0.7,334,0.0116,0.7931053145261163
0.7,335,0.0116,0.7930086035609386
0.7,336,0.0116,0.7920507059170505
0.7,337,0.0116,0.79159350166203
0.7,338,0.0116,0.7911551642854516
0.7,339,0.0116,0.7906408574409076
0.7,340,0.0116,0.7902126138860579
0.7,341,0.0116,0.7898910139105704
0.7,342,0.0116,0.7890417347199679
0.7,343,0.0116,0.7895049316197658
0.7,344,0.0116,0.7885222896291602
0.7,345,0.0116,0.7883657946601261
0.7,346,0.0116,0.7882400672060388
0.7,347,0.0116,0.7876423483414299
0.7,348,0.0116,0.7863825383901113
0.7,349,0.0116,0.7866127179023921
0.7,350,0.0116,0.7862280762016104
0.7,351,0.0116,0.7863545550015452
0.7,352,0.0116,0.7863445191434457
0.7,353,0.011200000000000002,0.7861991261378718
0.7,354,0.0116,0.7855960326144191
0.7,355,0.0116,0.7858646423978951
0.7,356,0.0116,0.7848823676155302
0.7,357,0.0116,0.7849266155102461
0.7,358,0.0116,0.784270807999727
0.7,359,0.0116,0.7841364871348315
0.7,360,0.0116,0.7837202130125648
0.7,361,0.0116,0.7840994137721053
0.7,362,0.0116,0.7832745341138329
0.7,363,0.0116,0.7836910731211384
0.7,364,0.0116,0.7836104559344463
1.0,0,0.4836,4.702355
1.0,1,0.44079999999999997,4.193772866002109
1.0,2,0.43920000000000003,3.890546682869646
1.0,3,0.4072,3.5851330264405505
1.0,4,0.4108,3.3379494976254365
1.0,5,0.41759999999999997,3.1162418487529364
1.0,6,0.40480000000000005,2.9026591200229954
1.0,7,0.376,2.714729698693601
1.0,8,0.3556,2.5461977113652243
1.0,9,0.33840000000000003,2.369570525590887
1.0,10,0.32799999999999996,2.2218140245612887
1.0,11,0.32880000000000004,2.092341058759999
1.0,12,0.3224,1.9750607799352642
1.0,13,0.32520000000000004,1.9031539368472652
1.0,14,0.32439999999999997,1.8580050471123926
1.0,15,0.3136,1.8437367831753702
1.0,16,0.3136,1.8387112186324353
1.0,17,0.21,1.8307841918174497
1.0,18,0.22920000000000001,1.819586119676044
1.0,19,0.21,1.8113694357885246
1.0,20,0.1784,1.8001876987937038
1.0,21,0.1736,1.7919526733013955
1.0,22,0.13440000000000002,1.7800759459262436
1.0,23,0.1164,1.7700189275918654
1.0,24,0.1124,1.7567814310130496
1.0,25,0.09720000000000001,1.746635361072652
1.0,26,0.0748,1.7327926688698343
1.0,27,0.0684,1.7208513895192292
1.0,28,0.0684,1.707554551701264
1.0,29,0.0684,1.695129752585016
1.0,30,0.0644,1.6825170825608273
1.0,31,0.064,1.6714674833696115
1.0,32,0.0644,1.6590895611484633
1.0,33,0.0644,1.6480477039681842
1.0,34,0.0644,1.6362591251770178
1.0,35,0.0644,1.6259608896024949
1.0,36,0.0644,1.615161082548066
1.0,37,0.0644,1.6045554556352883
1.0,38,0.0584,1.5940333444861396
1.0,39,0.057600000000000005,1.584034857075147
1.0,40,0.0524,1.5750764383203792
1.0,41,0.053200000000000004,1.5639727999753663
1.0,42,0.053200000000000004,1.5541885865103444
1.0,43,0.0504,1.5445109350330242
1.0,44,0.05,1.5363885670523165
1.0,45,0.04800000000000001,1.526613047666511
1.0,46,0.0444,1.518456542249942
1.0,47,0.042800000000000005,1.5082680532277104
1.0,48,0.042800000000000005,1.5002213225986814
1.0,49,0.042800000000000005,1.4897509863626095
1.0,50,0.042,1.4820733829464594
1.0,51,0.042800000000000005,1.4728738957496008
1.0,52,0.042800000000000005,1.4646756253427793
1.0,53,0.042800000000000005,1.4554574542058463
1.0,54,0.039200000000000006,1.4484885872394282
1.0,55,0.0396,1.4405471673169898
1.0,56,0.04,1.4336670388258972
1.0,57,0.0396,1.4255310804870043
1.0,58,0.042,1.4193833747889066
1.0,59,0.0424,1.411340828331536
1.0,60,0.042800000000000005,1.4054294709930488
1.0,61,0.042800000000000005,1.3979296822920784
1.0,62,0.042800000000000005,1.3924590431052983
1.0,63,0.042800000000000005,1.3855733842240079
1.0,64,0.042800000000000005,1.380325263093547
1.0,65,0.042800000000000005,1.3732824539281716
1.0,66,0.042800000000000005,1.3675908771173662
1.0,67,0.042800000000000005,1.3602044066980035
1.0,68,0.042800000000000005,1.3553792877101578
1.0,69,0.042800000000000005,1.348764855594061
1.0,70,0.042800000000000005,1.3439550539563927
1.0,71,0.042800000000000005,1.3373183514305063
1.0,72,0.042800000000000005,1.3326586929600415
1.0,73,0.042800000000000005,1.326438358434973
1.0,74,0.042800000000000005,1.3217781965905149
1.0,75,0.042800000000000005,1.316279420806866
1.0,76,0.042800000000000005,1.3119202469278886
1.0,77,0.042800000000000005,1.3056831016107666
1.0,78,0.042800000000000005,1.299856122397368
1.0,79,0.042800000000000005,1.2938336282270975
1.0,80,0.042800000000000005,1.2876234731976706
1.0,81,0.042800000000000005,1.282116576919563
1.0,82,0.042800000000000005,1.2768565110462096
1.0,83,0.042800000000000005,1.2723222556937808
1.0,84,0.042800000000000005,1.2674482115815293
1.0,85,0.042800000000000005,1.2629003961213554
1.0,86,0.042800000000000005,1.2585018626465816
1.0,87,0.042800000000000005,1.2540104734700572
1.0,88,0.042800000000000005,1.2502588979286426
1.0,89,0.042800000000000005,1.2457817512558325
1.0,90,0.042800000000000005,1.241960652893862
1.0,91,0.042800000000000005,1.2372945897677576
1.0,92,0.042800000000000005,1.233945792131104
1.0,93,0.042800000000000005,1.2298748072276369
1.0,94,0.042800000000000005,1.2263057291829476
1.0,95,0.042800000000000005,1.221966951187011
1.0,96,0.042800000000000005,1.2185677695231092
1.0,97,0.042800000000000005,1.2147145618176138
1.0,98,0.042800000000000005,1.2110874895272705
1.0,99,0.042800000000000005,1.2074908011659067
1.0,100,0.042800000000000005,1.2040552640827225
1.0,101,0.042800000000000005,1.2005738962754453
1.0,102,0.042800000000000005,1.1973341217324383
1.0,103,0.042800000000000005,1.1937259449896833
1.0,104,0.042800000000000005,1.1902405037114276
1.0,105,0.042800000000000005,1.18673244876393
1.0,106,0.042800000000000005,1.1837186068681729
1.0,107,0.042800000000000005,1.1799502179725794
1.0,108,0.042800000000000005,1.1767075883504152
1.0,109,0.042800000000000005,1.1734361690804116
1.0,110,0.042800000000000005,1.1699489443387792
1.0,111,0.042800000000000005,1.1663678285305172
1.0,112,0.042800000000000005,1.1629666978100213
1.0,113,0.042800000000000005,1.1592942020471135
1.0,114,0.042800000000000005,1.1560030373883226
1.0,115,0.042800000000000005,1.1527655524583875
1.0,116,0.042800000000000005,1.1497216384587436
1.0,117,0.0424,1.146006639118347
1.0,118,0.042800000000000005,1.1419963974792606
1.0,119,0.0424,1.1388622706744078
1.0,120,0.042800000000000005,1.1355864043118262
1.0,121,0.042800000000000005,1.1320095677097712
1.0,122,0.042800000000000005,1.1290948783214574
1.0,123,0.042800000000000005,1.126188392937532
1.0,124,0.042800000000000005,1.1238636123350993
1.0,125,0.042800000000000005,1.119747263568507
1.0,126,0.0368,1.1173505901998706
1.0,127,0.0332,1.1132672560221217
1.0,128,0.0332,1.111288117381708
1.0,129,0.0332,1.107434573350048
1.0,130,0.0332,1.1053494152626475
1.0,131,0.0332,1.101597249300247
1.0,132,0.0332,1.0996159616664567
1.0,133,0.0332,1.096380010993659
1.0,134,0.0332,1.0945550185320199
1.0,135,0.0332,1.0910540735083232
1.0,136,0.0332,1.0891902529724258
1.0,137,0.0332,1.0861110559517628
1.0,138,0.0332,1.0841656957779597
1.0,139,0.0332,1.0811657799940195
1.0,140,0.0332,1.0792834019123594
1.0,141,0.0332,1.0760981293480374
1.0,142,0.0332,1.074328815392371
1.0,143,0.0332,1.0716044995323741
1.0,144,0.0332,1.0700241664143118
1.0,145,0.0332,1.0673605581195136
1.0,146,0.0332,1.0656672522481907
1.0,147,0.0332,1.063033584526822
1.0,148,0.0332,1.061700603690904
1.0,149,0.0332,1.059417952058058
1.0,150,0.0332,1.0575575665050816
1.0,151,0.0332,1.055193364614737
1.0,152,0.0332,1.0533362241338915
1.0,153,0.0332,1.0510345145667392
1.0,154,0.0332,1.0492374714044996
1.0,155,0.0332,1.047294146374027
1.0,156,0.0332,1.0457832100323785
1.0,157,0.0332,1.0438883905385132
1.0,158,0.0332,1.0423066828523475
1.0,159,0.0332,1.0399332704209943
1.0,160,0.0332,1.038420966863053
1.0,161,0.0332,1.0362470851715895
1.0,162,0.0332,1.034880931027785
1.0,163,0.0332,1.0330546789475588
1.0,164,0.0332,1.0320429454048234
1.0,165,0.0332,1.0302481110344641
1.0,166,0.0332,1.0291265777869762
1.0,167,0.0332,1.0269368942806127
1.0,168,0.0332,1.0255536141576969
1.0,169,0.0332,1.0231274402283095
1.0,170,0.0332,1.0219508255881435
1.0,171,0.0332,1.0198842826180086
1.0,172,0.0332,1.0182936021139795
1.0,173,0.0332,1.0159683488058524
1.0,174,0.0332,1.0147239246380664
1.0,175,0.0332,1.01219274167555
1.0,176,0.0332,1.0106755598184385
1.0,177,0.0328,1.008764953205359
1.0,178,0.0332,1.0077078667219759
1.0,179,0.0332,1.005835837204663
1.0,180,0.0332,1.0049248535505828
1.0,181,0.0332,1.0029463540319898
1.0,182,0.0332,1.0020797824299688
1.0,183,0.0332,1.000197592774648
1.0,184,0.0332,0.9993321033934696
1.0,185,0.0332,0.9978008386712867
1.0,186,0.0332,0.996851338407148
1.0,187,0.0332,0.9952528994452774
1.0,188,0.0332,0.9943340132144028
1.0,189,0.0332,0.9928403310550823
1.0,190,0.0332,0.9916296301771628
1.0,191,0.0332,0.9901764296618949
1.0,192,0.0332,0.9889978423453116
1.0,193,0.0332,0.9878591379846187
1.0,194,0.0332,0.9864515213156949
1.0,195,0.0332,0.985228154554951
1.0,196,0.0332,0.9839515375361284
1.0,197,0.0332,0.9827251989919544
1.0,198,0.0332,0.981358778882478
1.0,199,0.0332,0.9799430030430473
1.0,200,0.0332,0.9787210146772322
1.0,201,0.0332,0.9774157665306411
1.0,202,0.0332,0.976363949858191
1.0,203,0.0332,0.9752413442918589
1.0,204,0.0332,0.9742191951367489
1.0,205,0.0332,0.9731286580244443
1.0,206,0.0332,0.9722238848989312
1.0,207,0.0332,0.9710082929268888
1.0,208,0.0332,0.9701630923043904
1.0,209,0.0332,0.9685923559815726
1.0,210,0.0332,0.9676562626753347
1.0,211,0.0332,0.9662142386590024
1.0,212,0.0332,0.9655637695736619
1.0,213,0.0332,0.9642896021544651
1.0,214,0.0332,0.9637912399507975
1.0,215,0.0332,0.962672737915063
1.0,216,0.0332,0.9619427424196303
1.0,217,0.0332,0.9607877618552692
1.0,218,0.0332,0.9600761492062836
1.0,219,0.0332,0.9589391476472088
1.0,220,0.0332,0.9584038527535448
1.0,221,0.0332,0.9573045625254331
1.0,222,0.0332,0.9570115818851288
1.0,223,0.0332,0.9557314725506925
1.0,224,0.0332,0.9553686659634252
1.0,225,0.0332,0.9539741217560875
1.0,226,0.0332,0.9537618663476547
1.0,227,0.0332,0.9527728116408221
1.0,228,0.0332,0.952306435538358
1.0,229,0.0332,0.9513381334490241
1.0,230,0.0332,0.9504769095340829
1.0,231,0.0332,0.9495382678554418
1.0,232,0.0332,0.9488163624825344
1.0,233,0.0332,0.9481740274903746
1.0,234,0.0332,0.9475961957014221
1.0,235,0.0332,0.9469691936437589
1.0,236,0.0332,0.9464057163164337
1.0,237,0.0332,0.9454960295342774
1.0,238,0.0332,0.9449417733552202
1.0,239,0.0332,0.9442028564774596
1.0,240,0.0332,0.943407758973561
1.0,241,0.0332,0.9423998785509599
1.0,242,0.0332,0.9418835612721126
1.0,243,0.0332,0.9410308839335887
1.0,244,0.0332,0.9407814481053256
1.0,245,0.0332,0.9392893873667815
1.0,246,0.0332,0.9390778395936838
1.0,247,0.0332,0.9380605228477066
1.0,248,0.0332,0.9376997022502878
1.0,249,0.0332,0.9365735170319112
1.0,250,0.0332,0.9361126096665876
1.0,251,0.0332,0.9350496450182411
1.0,252,0.0332,0.9346321578684162
1.0,253,0.0332,0.9339716233630461
1.0,254,0.0332,0.9336833620927115
1.0,255,0.0332,0.9329891021146508
1.0,256,0.0332,0.9324578540898167
1.0,257,0.0332,0.9308293457161149
1.0,258,0.0332,0.9304244266188051
1.0,259,0.0332,0.9296266358391105
1.0,260,0.0332,0.9291103733669303
1.0,261,0.0332,0.928468059789438
1.0,262,0.0332,0.9279702667440648
1.0,263,0.0332,0.9273451236439455
1.0,264,0.0332,0.9262435734517068
1.0,265,0.0332,0.9257526330185263
1.0,266,0.0332,0.9250356208464028
1.0,267,0.0332,0.9243237466188282
1.0,268,0.0332,0.9236536835000604
1.0,269,0.0332,0.922968956359269
1.0,270,0.0332,0.9222249850059278
1.0,271,0.0332,0.9214529482732522
1.0,272,0.0332,0.9209905836276616
1.0,273,0.0328,0.9201914583329405
1.0,274,0.0332,0.9195964788403724
1.0,275,0.0332,0.9189249022306689
1.0,276,0.0332,0.9183401032793317
1.0,277,0.0332,0.9175632603760124
1.0,278,0.0332,0.9171621798705454
1.0,279,0.0332,0.9161691008038669
1.0,280,0.0332,0.9156660051989544
1.0,281,0.0332,0.9144202619333537
1.0,282,0.0332,0.9141686292731939
1.0,283,0.0332,0.9129389198947732
1.0,284,0.0332,0.9129503319266558
1.0,285,0.0332,0.9118036810165435
1.0,286,0.0332,0.9118378010216119
1.0,287,0.0332,0.911095166788169
1.0,288,0.0332,0.9109194310709343
1.0,289,0.0332,0.9098570224454221
1.0,290,0.0332,0.9095861194314526
1.0,291,0.0332,0.9089958309413652
1.0,292,0.0332,0.9086138667444342
1.0,293,0.0332,0.9081461029644181
1.0,294,0.0332,0.9077770077638151
1.0,295,0.0332,0.9071852160499408
1.0,296,0.0332,0.9069331468011073
1.0,297,0.0332,0.9058480613115695
1.0,298,0.0332,0.905722587243619
1.0,299,0.0332,0.9048813982539218
1.0,300,0.0332,0.9045120426135048
1.0,301,0.0332,0.9036167687664416
1.0,302,0.0332,0.9037196206812282
1.0,303,0.0332,0.9025522366394909
1.0,304,0.0332,0.902204470079802
1.0,305,0.0332,0.9015081463636813
1.0,306,0.0332,0.9012709308356596
1.0,307,0.0332,0.9005848684484454
1.0,308,0.0332,0.900598059826102
1.0,309,0.0332,0.8997077406328201
1.0,310,0.0332,0.8994130542472096
1.0,311,0.0332,0.8990115082992886
1.0,312,0.0332,0.8986475088711218
1.0,313,0.0332,0.8978980678154026
1.0,314,0.0332,0.8975137442929437
1.0,315,0.0332,0.8969067681932386
1.0,316,0.0332,0.8966237779867344
1.0,317,0.0332,0.8960366254278828
1.0,318,0.0332,0.895657358626115
1.0,319,0.0332,0.8952956567493523
1.0,320,0.0332,0.8949161859236392
1.0,321,0.0332,0.8945057713573047
1.0,322,0.0332,0.8941345635341128
1.0,323,0.0332,0.8937892423271925
1.0,324,0.0332,0.8933746374538691
1.0,325,0.0332,0.89304673544042
1.0,326,0.0332,0.8926499771218036
1.0,327,0.0332,0.8920580037772408
1.0,328,0.0332,0.8917935659131436
1.0,329,0.0332,0.8912474533569614
1.0,330,0.0332,0.8909456086976607
1.0,331,0.0332,0.8904617083078458
1.0,332,0.0332,0.8900767523642501
1.0,333,0.0328,0.8895824987631097
1.0,334,0.0332,0.8893248001023996
1.0,335,0.0332,0.8889805046226799
1.0,336,0.0332,0.8887355367668738
1.0,337,0.0332,0.888264464512562
1.0,338,0.0332,0.887830214750633
1.0,339,0.0332,0.8878233869668685
1.0,340,0.0332,0.8874153003865503
1.0,341,0.0332,0.8873143316993842
1.0,342,0.0332,0.8870102051038812
1.0,343,0.0332,0.8865687467670748
1.0,344,0.0332,0.8861568439349523
1.0,345,0.0332,0.8858514596788318
1.0,346,0.0332,0.8855544643257375
1.0,347,0.0332,0.885141109514175
1.0,348,0.0332,0.8846705064895127
1.0,349,0.0332,0.884260100340398
1.0,350,0.0332,0.8840880724797728
1.0,351,0.0332,0.8829985925119956
1.0,352,0.0328,0.8827410761802319
1.0,353,0.0332,0.8820512860633889
1.0,354,0.0332,0.8821732410384788
1.0,355,0.0332,0.8810511509221222
1.0,356,0.0332,0.8809919178790753
1.0,357,0.0332,0.8801925449064525
1.0,358,0.0332,0.8802005348562986
1.0,359,0.0332,0.8799767201386426
1.0,360,0.0332,0.8798781301189357
1.0,361,0.0332,0.8793572411051922
1.0,362,0.0332,0.8794664097799128
1.0,363,0.0332,0.8788654061216604
1.0,364,0.0332,0.8790941842041546
1.3,0,0.47119999999999995,4.694675
1.3,1,0.44120000000000004,4.185583561367422
1.3,2,0.46840000000000004,3.9002501643749525
1.3,3,0.43160000000000004,3.620717097550496
1.3,4,0.43320000000000003,3.3471174823649177
1.3,5,0.44520000000000004,3.130462992606271
1.3,6,0.41240000000000004,2.939754350032959
1.3,7,0.406,2.7318079389703813
1.3,8,0.3956,2.565674842675646
1.3,9,0.382,2.410508804519937
1.3,10,0.3664,2.2480650452814532
1.3,11,0.36,2.117509415039821
1.3,12,0.36,2.0091847816273916
1.3,13,0.3608,1.9122321288450845
1.3,14,0.36,1.8625244524741749
1.3,15,0.36,1.8542437218469499
1.3,16,0.35,1.847691701965306
1.3,17,0.2716,1.8440485091688572
1.3,18,0.308,1.8342548428243441
1.3,19,0.2792,1.8291006880247078
1.3,20,0.26080000000000003,1.8202576505812464
1.3,21,0.24719999999999998,1.8142534017583776
1.3,22,0.1956,1.8061168407919137
1.3,23,0.17800000000000002,1.7979607343856576
1.3,24,0.1532,1.786860833239538
1.3,25,0.13360000000000002,1.7773772816802753
1.3,26,0.12200000000000001,1.7655128093112444
1.3,27,0.12200000000000001,1.754502040673174
1.3,28,0.11960000000000001,1.7423507912254654
1.3,29,0.1148,1.7316507132511245
1.3,30,0.1032,1.720663911603295
1.3,31,0.1032,1.7089990619397983
1.3,32,0.1032,1.6987569924294939
1.3,33,0.1032,1.6845151706645003
1.3,34,0.1032,1.6748103976646735
1.3,35,0.1032,1.6646904962321767
1.3,36,0.1032,1.6559648079737506
1.3,37,0.1032,1.6416069587714819
1.3,38,0.0852,1.6323192910653046
1.3,39,0.0812,1.622609706917025
1.3,40,0.062400000000000004,1.6124325590113724
1.3,41,0.0588,1.6001276596051115
1.3,42,0.056799999999999996,1.5911111875474293
1.3,43,0.056799999999999996,1.58047763098671
1.3,44,0.056799999999999996,1.5716662246190358
1.3,45,0.056799999999999996,1.5620948454241441
1.3,46,0.056799999999999996,1.5530775380341901
1.3,47,0.053200000000000004,1.5443022906400694
1.3,48,0.047599999999999996,1.5358959037427287
1.3,49,0.044000000000000004,1.527015043210192
1.3,50,0.044000000000000004,1.5180502445248976
1.3,51,0.044000000000000004,1.5098405716137555
1.3,52,0.044000000000000004,1.50065778185633
1.3,53,0.044000000000000004,1.4924342832490203
1.3,54,0.044000000000000004,1.4840993303312258
1.3,55,0.044000000000000004,1.475419157427412
1.3,56,0.044000000000000004,1.467713967914267
1.3,57,0.038000000000000006,1.4589132066870223
1.3,58,0.0376,1.4504065439606735
1.3,59,0.031200000000000002,1.4425185839664834
1.3,60,0.031200000000000002,1.4352364029116433
1.3,61,0.031200000000000002,1.4271106964325397
1.3,62,0.031200000000000002,1.420135978514923
1.3,63,0.031200000000000002,1.4126791730752901
1.3,64,0.031200000000000002,1.4063039595847864
1.3,65,0.031200000000000002,1.398663726404831
1.3,66,0.031200000000000002,1.3926591121317025
1.3,67,0.031200000000000002,1.3850256298276336
1.3,68,0.031200000000000002,1.3787925177562306
1.3,69,0.031200000000000002,1.3719237637375798
1.3,70,0.0308,1.366235693142116
1.3,71,0.031200000000000002,1.3593165844719917
1.3,72,0.031200000000000002,1.3537532346819965
1.3,73,0.031200000000000002,1.3468201918729925
1.3,74,0.031200000000000002,1.3410266013459486
1.3,75,0.031200000000000002,1.334871774336121
1.3,76,0.031200000000000002,1.3288294490267776
1.3,77,0.031200000000000002,1.322773443758478
1.3,78,0.031200000000000002,1.3174663387981425
1.3,79,0.031200000000000002,1.311141514004579
1.3,80,0.031200000000000002,1.30607351306228
1.3,81,0.031200000000000002,1.3005147166255366
1.3,82,0.031200000000000002,1.2957749735573025
1.3,83,0.031200000000000002,1.290463363177592
1.3,84,0.031200000000000002,1.2860201338718362
1.3,85,0.031200000000000002,1.2802199862577786
1.3,86,0.031200000000000002,1.2756975361012475
1.3,87,0.031200000000000002,1.2709664821339373
1.3,88,0.031200000000000002,1.2659668298415918
1.3,89,0.031200000000000002,1.261478725971436
1.3,90,0.031200000000000002,1.256995457465761
1.3,91,0.031200000000000002,1.2523884278081925
1.3,92,0.031200000000000002,1.2479585596741911
1.3,93,0.031200000000000002,1.244036377426849
1.3,94,0.031200000000000002,1.2394725739453345
1.3,95,0.031200000000000002,1.2353727247756243
1.3,96,0.031200000000000002,1.2314630454315578
1.3,97,0.031200000000000002,1.226633786412671
1.3,98,0.031200000000000002,1.2225812470052255
1.3,99,0.031200000000000002,1.2186498775128904
1.3,100,0.031200000000000002,1.2146538146556
1.3,101,0.031200000000000002,1.2107382623930127
1.3,102,0.031200000000000002,1.2070083735515529
1.3,103,0.031200000000000002,1.203145292774874
1.3,104,0.031200000000000002,1.1995759367667949
1.3,105,0.031200000000000002,1.1963703326183115
1.3,106,0.031200000000000002,1.1926355571610143
1.3,107,0.031200000000000002,1.1894220624840501
1.3,108,0.031200000000000002,1.1861297174159844
1.3,109,0.031200000000000002,1.1825644710358798
1.3,110,0.031200000000000002,1.1792889089880811
1.3,111,0.031200000000000002,1.1765309386573342
1.3,112,0.031200000000000002,1.1727066913388087
1.3,113,0.031200000000000002,1.1696222252085022
1.3,114,0.031200000000000002,1.166580617207512
1.3,115,0.031200000000000002,1.1631492448327878
1.3,116,0.031200000000000002,1.1601102411321955
1.3,117,0.031200000000000002,1.1571244771572085
1.3,118,0.031200000000000002,1.1539090471547733
1.3,119,0.031200000000000002,1.1509019343242592
1.3,120,0.031200000000000002,1.1482905696908154
1.3,121,0.031200000000000002,1.144917059965115
1.3,122,0.031200000000000002,1.1419687242260779
1.3,123,0.031200000000000002,1.1393880970922157
1.3,124,0.031200000000000002,1.1362577073463909
1.3,125,0.031200000000000002,1.1336357805647765
1.3,126,0.031200000000000002,1.131283842625342
1.3,127,0.031200000000000002,1.128455273473106
1.3,128,0.031200000000000002,1.1258910956242594
1.3,129,0.031200000000000002,1.1235073528547197
1.3,130,0.031200000000000002,1.1207487914589735
1.3,131,0.031200000000000002,1.1184762143210514
1.3,132,0.031200000000000002,1.1163145226564586
1.3,133,0.031200000000000002,1.1136773906524253
1.3,134,0.031200000000000002,1.1113098645371087
1.3,135,0.031200000000000002,1.1090942086825435
1.3,136,0.031200000000000002,1.1063728368441752
1.3,137,0.031200000000000002,1.1039581422482707
1.3,138,0.031200000000000002,1.1018099079184278
1.3,139,0.031200000000000002,1.0993413654768134
1.3,140,0.031200000000000002,1.096974631778357
1.3,141,0.031200000000000002,1.0949330556606565
1.3,142,0.031200000000000002,1.0926901696608473
1.3,143,0.031200000000000002,1.0905957222597435
1.3,144,0.031200000000000002,1.0889362464104178
1.3,145,0.031200000000000002,1.086332046600583
1.3,146,0.031200000000000002,1.084294946055432
1.3,147,0.031200000000000002,1.0822520827973257
1.3,148,0.031200000000000002,1.0799752846477038
1.3,149,0.031200000000000002,1.0778870691379974
1.3,150,0.031200000000000002,1.0763511581768082
1.3,151,0.031200000000000002,1.074211018249201
1.3,152,0.031200000000000002,1.072143556550518
1.3,153,0.031200000000000002,1.0705388656818335
1.3,154,0.031200000000000002,1.068259729278536
1.3,155,0.031200000000000002,1.0666181319258998
1.3,156,0.031200000000000002,1.0650711481508046
1.3,157,0.031200000000000002,1.0627510342019892
1.3,158,0.031200000000000002,1.060664426369901
1.3,159,0.031200000000000002,1.059091593035478
1.3,160,0.031200000000000002,1.0570964337704034
1.3,161,0.031200000000000002,1.0552655987197392
1.3,162,0.031200000000000002,1.0538408351959612
1.3,163,0.031200000000000002,1.0519531890459524
1.3,164,0.031200000000000002,1.050133020803042
1.3,165,0.031200000000000002,1.0489647283287244
1.3,166,0.031200000000000002,1.0469203136522118
1.3,167,0.031200000000000002,1.045367420031319
1.3,168,0.031200000000000002,1.0438983772637735
1.3,169,0.031200000000000002,1.042424919382723
1.3,170,0.031200000000000002,1.040723255038523
1.3,171,0.031200000000000002,1.0396514081883066
1.3,172,0.031200000000000002,1.0377269269273215
1.3,173,0.031200000000000002,1.036424465211366
1.3,174,0.031200000000000002,1.0352129788215712
1.3,175,0.031200000000000002,1.0336756875011808
1.3,176,0.031200000000000002,1.032228920300839
1.3,177,0.031200000000000002,1.0312511696942843
1.3,178,0.031200000000000002,1.0295694245230762
1.3,179,0.031200000000000002,1.0283544058073224
1.3,180,0.031200000000000002,1.026898732515801
1.3,181,0.031200000000000002,1.0254570084892658
1.3,182,0.031200000000000002,1.0240937337771083
1.3,183,0.031200000000000002,1.02305043652384
1.3,184,0.031200000000000002,1.0214548720687247
1.3,185,0.031200000000000002,1.020194448687128
1.3,186,0.031200000000000002,1.018997067801045
1.3,187,0.031200000000000002,1.0175059281429828
1.3,188,0.031200000000000002,1.0160595778621482
1.3,189,0.031200000000000002,1.0149798779995984
1.3,190,0.031200000000000002,1.0134578426496568
1.3,191,0.031200000000000002,1.012424522144759
1.3,192,0.031200000000000002,1.0111378131127284
1.3,193,0.031200000000000002,1.0095692176094873
1.3,194,0.031200000000000002,1.0082118326907992
1.3,195,0.031200000000000002,1.0071961111000143
1.3,196,0.031200000000000002,1.0054466159282132
1.3,197,0.031200000000000002,1.0044991352910941
1.3,198,0.031200000000000002,1.0033126714234522
1.3,199,0.031200000000000002,1.0022672555724066
1.3,200,0.031200000000000002,1.000992316565718
1.3,201,0.031200000000000002,1.0000666676775567
1.3,202,0.031200000000000002,0.9985446970514481
1.3,203,0.031200000000000002,0.99751832178236
1.3,204,0.031200000000000002,0.9966975557464921
1.3,205,0.031200000000000002,0.9954393634118104
1.3,206,0.031200000000000002,0.9942418720880903
1.3,207,0.031200000000000002,0.9936692504659806
1.3,208,0.031200000000000002,0.9920847054284517
1.3,209,0.031200000000000002,0.991402416630175
1.3,210,0.031200000000000002,0.9905102559364538
1.3,211,0.031200000000000002,0.9895821393793406
1.3,212,0.031200000000000002,0.9884446590682999
1.3,213,0.031200000000000002,0.9879079023335032
1.3,214,0.031200000000000002,0.98652970463849
1.3,215,0.031200000000000002,0.9858982651291874
1.3,216,0.031200000000000002,0.984927276574116
1.3,217,0.031200000000000002,0.9840281420353907
1.3,218,0.031200000000000002,0.9828154328732869
1.3,219,0.031200000000000002,0.9826188723187893
1.3,220,0.031200000000000002,0.9808594880120388
1.3,221,0.031200000000000002,0.9802942988749805
1.3,222,0.031200000000000002,0.9792327836668571
1.3,223,0.031200000000000002,0.9785399663395272
1.3,224,0.031200000000000002,0.9772354515756936
1.3,225,0.031200000000000002,0.9771032083963668
1.3,226,0.031200000000000002,0.9755547249785224
1.3,227,0.031200000000000002,0.9751768691526805
1.3,228,0.031200000000000002,0.9743012405498477
1.3,229,0.031200000000000002,0.9736741582437888
1.3,230,0.031200000000000002,0.9724033543935373
1.3,231,0.031200000000000002,0.9723214537680788
1.3,232,0.031200000000000002,0.9706642318132147
1.3,233,0.031200000000000002,0.9703401499306608
1.3,234,0.031200000000000002,0.9693673533908984
1.3,235,0.031200000000000002,0.9687967525643093
1.3,236,0.031200000000000002,0.9675782799912416
1.3,237,0.031200000000000002,0.9674147311187827
1.3,238,0.031200000000000002,0.9660873512783096
1.3,239,0.031200000000000002,0.9655241540784089
1.3,240,0.031200000000000002,0.9647447701490531
1.3,241,0.031200000000000002,0.9639058387275397
1.3,242,0.031200000000000002,0.9628847340501925
1.3,243,0.031200000000000002,0.9627377175036994
1.3,244,0.031200000000000002,0.961163129852458
1.3,245,0.031200000000000002,0.9609115128557011
1.3,246,0.031200000000000002,0.9601792979721605
1.3,247,0.031200000000000002,0.9596758937632304
1.3,248,0.031200000000000002,0.9586925303701832
1.3,249,0.031200000000000002,0.9584317734972413
1.3,250,0.031200000000000002,0.9570772020873651
1.3,251,0.031200000000000002,0.9568589951964569
1.3,252,0.031200000000000002,0.956045452604705
1.3,253,0.031200000000000002,0.9555548896697701
1.3,254,0.031200000000000002,0.9544932873100974
1.3,255,0.031200000000000002,0.9546821745174711
1.3,256,0.031200000000000002,0.9532339761191563
1.3,257,0.031200000000000002,0.953024049432545
1.3,258,0.031200000000000002,0.9521203792877292
1.3,259,0.031200000000000002,0.9518091213880092
1.3,260,0.031200000000000002,0.9506557674520691
1.3,261,0.031200000000000002,0.9506130813961312
1.3,262,0.031200000000000002,0.9491945091923581
1.3,263,0.031200000000000002,0.9487793716492972
1.3,264,0.031200000000000002,0.9481787216574357
1.3,265,0.031200000000000002,0.9475080966535221
1.3,266,0.031200000000000002,0.9466607593064973
1.3,267,0.031200000000000002,0.9467762205929176
1.3,268,0.031200000000000002,0.9455324917269264
1.3,269,0.031200000000000002,0.9453981422810039
1.3,270,0.031200000000000002,0.9446815919593512
1.3,271,0.031200000000000002,0.9441772433146732
1.3,272,0.031200000000000002,0.9432140709080669
1.3,273,0.031200000000000002,0.9432323307193761
1.3,274,0.031200000000000002,0.9418858978161291
1.3,275,0.031200000000000002,0.9416813477857637
1.3,276,0.031200000000000002,0.940868847879459
1.3,277,0.031200000000000002,0.9403967757550964
1.3,278,0.031200000000000002,0.9393311153226827
1.3,279,0.031200000000000002,0.9393905505840315
1.3,280,0.031200000000000002,0.938081035844019
1.3,281,0.031200000000000002,0.9379154892469722
1.3,282,0.031200000000000002,0.9370117052421213
1.3,283,0.031200000000000002,0.9367311352939098
1.3,284,0.031200000000000002,0.9355415903919446
1.3,285,0.031200000000000002,0.93568031363923
1.3,286,0.031200000000000002,0.9347565784384357
1.3,287,0.031200000000000002,0.9346288129555679
1.3,288,0.031200000000000002,0.93409412288239
1.3,289,0.031200000000000002,0.9334258433919415
1.3,290,0.031200000000000002,0.932386806874113
1.3,291,0.031200000000000002,0.9328040722240929
1.3,292,0.031200000000000002,0.93164505471414
1.3,293,0.031200000000000002,0.9313715518441031
1.3,294,0.031200000000000002,0.9306203005795572
1.3,295,0.031200000000000002,0.9302447418633722
1.3,296,0.031200000000000002,0.9292491729327865
1.3,297,0.031200000000000002,0.9295286999746918
1.3,298,0.031200000000000002,0.9284171309040539
1.3,299,0.031200000000000002,0.9281669700897143
1.3,300,0.031200000000000002,0.9273468942454202
1.3,301,0.031200000000000002,0.9271239153578655
1.3,302,0.031200000000000002,0.9262947769393144
1.3,303,0.031200000000000002,0.9264691179494293
1.3,304,0.031200000000000002,0.9253909471067695
1.3,305,0.031200000000000002,0.9254431344704988
1.3,306,0.031200000000000002,0.9248998651259006
1.3,307,0.031200000000000002,0.924314101349462
1.3,308,0.031200000000000002,0.9233630531850191
1.3,309,0.031200000000000002,0.9235762200792954
1.3,310,0.031200000000000002,0.9224052689887522
1.3,311,0.031200000000000002,0.922210666092597
1.3,312,0.031200000000000002,0.9218302638838122
1.3,313,0.0308,0.9216486664216151
1.3,314,0.031200000000000002,0.920648342587469
1.3,315,0.031200000000000002,0.9207506638034139
1.3,316,0.031200000000000002,0.9197454131883278
1.3,317,0.031200000000000002,0.9194706930967383
1.3,318,0.031200000000000002,0.9189823289605057
1.3,319,0.031200000000000002,0.9188318778789235
1.3,320,0.031200000000000002,0.9179708178622832
1.3,321,0.031200000000000002,0.9179216371252198
1.3,322,0.031200000000000002,0.9169482970766611
1.3,323,0.031200000000000002,0.9166696449664496
1.3,324,0.031200000000000002,0.9164863614012749
1.3,325,0.031200000000000002,0.9159564975482368
1.3,326,0.031200000000000002,0.9153931897014189
1.3,327,0.031200000000000002,0.9155403707448546
1.3,328,0.031200000000000002,0.9144443978690384
1.3,329,0.031200000000000002,0.9143161137374003
1.3,330,0.031200000000000002,0.9139020909050473
1.3,331,0.031200000000000002,0.9135329476895884
1.3,332,0.031200000000000002,0.9128683147026401
1.3,333,0.031200000000000002,0.9133707002671028
1.3,334,0.031200000000000002,0.9123077655659028
1.3,335,0.031200000000000002,0.912435987123999
1.3,336,0.031200000000000002,0.9117976829806557
1.3,337,0.031200000000000002,0.9117923400429175
1.3,338,0.031200000000000002,0.9110195440541129
1.3,339,0.031200000000000002,0.9115379780200841
1.3,340,0.031200000000000002,0.910508823737535
1.3,341,0.031200000000000002,0.9105389577034848
1.3,342,0.031200000000000002,0.9100467108811816
1.3,343,0.031200000000000002,0.9100311892231501
1.3,344,0.031200000000000002,0.9091583975354554
1.3,345,0.031200000000000002,0.9094529571903466
1.3,346,0.031200000000000002,0.9085664832797811
1.3,347,0.031200000000000002,0.9085748866854975
1.3,348,0.031200000000000002,0.9081993862767871
1.3,349,0.0308,0.9077352073517467
1.3,350,0.031200000000000002,0.9069393653178797
1.3,351,0.031200000000000002,0.907277220295577
1.3,352,0.031200000000000002,0.9060824374781877
1.3,353,0.031200000000000002,0.9060428434628781
1.3,354,0.031200000000000002,0.9055549086865866
1.3,355,0.031200000000000002,0.9053520420898448
1.3,356,0.031200000000000002,0.9045012644987257
1.3,357,0.031200000000000002,0.9046822353667743
1.3,358,0.031200000000000002,0.9034418315471754
1.3,359,0.031200000000000002,0.9036249648956689
1.3,360,0.031200000000000002,0.9027847568663018
1.3,361,0.031200000000000002,0.9029694774796475
1.3,362,0.031200000000000002,0.9017676259591226
1.3,363,0.031200000000000002,0.9023920896565109
1.3,364,0.031200000000000002,0.9010499196820377
